{
    "-": 0.0, 
    "A": 71.037114, 
    "C": 103.009185, 
    "D": 115.026943, 
    "E": 129.042593, 
    "F": 147.068414, 
    "G": 57.021464, 
    "H": 137.058912, 
    "I": 113.084064, 
    "K": 128.094963, 
    "L": 113.084064, 
    "M": 131.040485, 
    "N": 114.042927, 
    "P": 97.052764, 
    "Q": 128.058578, 
    "R": 156.101111, 
    "S": 87.032028, 
    "T": 101.047679, 
    "U": 144.95959, 
    "V": 99.068414, 
    "W": 186.079313, 
    "Y": 163.063329, 
    "c": 17.00274, 
    "n": 1.007825
}